[
	{
		"doctorDNI": "11394085",
		"id": "e78f678c-750d-11ed-a1eb-0242ac120002",
		"startTime": "20 Dec 22 19:00 UTC",
		"endTime": "20 Dec 22 19:30 UTC",
		"duration": 30,
		"free": true
	},
	{
		"doctorDNI": "11394085",
		"id": "b59f2c6c-552b-4960-8208-0f605b6d3a53",
		"startTime": "19 Dec 22 20:00 UTC",
		"endTime": "19 Dec 22 21:30 UTC",
		"duration": 90,
		"free": true
	},
	{
		"doctorDNI": "60779208",
		"id": "e78f6a70-750d-11ed-a1eb-0242ac120002",
		"startTime": "19 Dec 22 20:00 UTC",
		"endTime": "19 Dec 22 20:30 UTC",
		"duration": 30,
		"free": true
	},
	{
		"doctorDNI": "69434239",
		"id": "e78f6bce-750d-11ed-a1eb-0242ac120002",
		"startTime": "30 Dec 22 21:00 UTC",
		"endTime": "30 Dec 22 21:30 UTC",
		"duration": 30,
		"free": true
	},
	{
		"doctorDNI": "62535029",
		"id": "e78f6d0e-750d-11ed-a1eb-0242ac120002",
		"startTime": "18 Dec 22 20:00 UTC",
		"endTime": "18 Dec 22 20:30 UTC",
		"duration": 30,
		"free": true
	},
	{
		"doctorDNI": "31062253",
		"id": "e78f6eb2-750d-11ed-a1eb-0242ac120002",
		"startTime": "19 Dec 22 20:00 UTC",
		"endTime": "19 Dec 22 21:30 UTC",
		"duration": 90,
		"free": true
	},
	{
		"doctorDNI": "16539877",
		"id": "e78f6fe8-750d-11ed-a1eb-0242ac120002",
		"startTime": "25 Dec 22 12:30 UTC",
		"endTime": "25 Dec 22 13:00 UTC",
		"duration": 30,
		"free": true
	},
	{
		"doctorDNI": "19732183",
		"id": "e78f7506-750d-11ed-a1eb-0242ac120002",
		"startTime": "28 Dec 22 15:00 UTC",
		"endTime": "28 Dec 22 15:30 UTC",
		"duration": 30,
		"free": true
	},
	{
		"doctorDNI": "51410145",
		"id": "e78f710a-750d-11ed-a1eb-0242ac120002",
		"startTime": "29 Dec 22 17:00 UTC",
		"endTime": "29 Dec 22 17:45 UTC",
		"duration": 45,
		"free": true
	},
	{
		"doctorDNI": "95073347",
		"id": "e78f7646-750d-11ed-a1eb-0242ac120002",
		"startTime": "31 Dec 22 10:00 UTC",
		"endTime": "31 Dec 22 11:00 UTC",
		"duration": 60,
		"free": true
	}
]
